time,temperature_2m (°C),apparent_temperature (°C),rain (mm),showers (mm),cloud_cover (%),sunshine_duration (s)
2025-08-06T00:00,17.3,15.9,0.00,0.00,0,0.00
2025-08-06T01:00,16.2,14.6,0.00,0.00,0,0.00
2025-08-06T02:00,15.3,14.0,0.00,0.00,0,0.00
2025-08-06T03:00,14.6,13.5,0.00,0.00,90,0.00
2025-08-06T04:00,14.0,13.2,0.00,0.00,36,0.00
2025-08-06T05:00,13.6,12.7,0.00,0.00,100,0.00
2025-08-06T06:00,13.3,12.4,0.00,0.00,100,0.00
2025-08-06T07:00,13.4,12.8,0.00,0.00,100,0.00
2025-08-06T08:00,14.3,13.8,0.00,0.00,100,3600.00
2025-08-06T09:00,15.6,14.9,0.00,0.00,100,3600.00
2025-08-06T10:00,17.5,16.4,0.00,0.00,0,3600.00
2025-08-06T11:00,18.7,17.8,0.00,0.00,0,3600.00
2025-08-06T12:00,19.8,19.3,0.00,0.00,0,3600.00
2025-08-06T13:00,20.9,20.7,0.00,0.00,19,3600.00
2025-08-06T14:00,21.8,21.5,0.00,0.00,40,3600.00
2025-08-06T15:00,22.4,21.3,0.00,0.00,97,3600.00
2025-08-06T16:00,23.5,20.7,0.00,0.00,100,3600.00
2025-08-06T17:00,23.3,20.7,0.00,0.00,100,3600.00
2025-08-06T18:00,22.7,20.4,0.00,0.00,97,3600.00
2025-08-06T19:00,21.8,19.8,0.00,0.00,97,590.59
2025-08-06T20:00,20.7,18.9,0.00,0.00,85,93.80
2025-08-06T21:00,19.7,18.0,0.00,0.00,92,0.00
2025-08-06T22:00,18.9,17.5,0.00,0.00,81,0.00
2025-08-06T23:00,18.4,16.7,0.00,0.00,96,0.00
2025-08-07T00:00,17.7,16.3,0.00,0.00,100,0.00
2025-08-07T01:00,17.0,15.9,0.00,0.00,49,0.00
2025-08-07T02:00,16.5,15.3,0.00,0.00,45,0.00
2025-08-07T03:00,16.0,14.9,0.00,0.00,93,0.00
2025-08-07T04:00,15.4,14.3,0.00,0.00,92,0.00
2025-08-07T05:00,15.3,14.2,0.00,0.00,81,0.00
2025-08-07T06:00,15.2,13.9,0.00,0.00,30,0.00
2025-08-07T07:00,15.4,14.1,0.00,0.00,100,3109.96
2025-08-07T08:00,15.8,14.4,0.00,0.00,100,0.00
2025-08-07T09:00,16.4,14.9,0.00,0.00,100,0.00
2025-08-07T10:00,17.5,16.1,0.00,0.00,92,2103.13
2025-08-07T11:00,18.5,16.8,0.00,0.00,100,3174.52
2025-08-07T12:00,20.1,17.6,0.00,0.00,100,2511.31
2025-08-07T13:00,21.5,19.4,0.00,0.00,97,0.00
2025-08-07T14:00,21.9,19.9,0.00,0.00,94,2334.57
2025-08-07T15:00,22.3,20.0,0.00,0.00,98,1988.52
2025-08-07T16:00,22.8,20.8,0.00,0.00,100,3600.00
2025-08-07T17:00,22.4,19.5,0.00,0.00,100,1519.25
2025-08-07T18:00,21.3,19.7,0.00,0.00,100,552.29
2025-08-07T19:00,21.4,19.3,0.00,0.00,100,862.71
2025-08-07T20:00,20.5,19.3,0.00,0.00,100,0.00
2025-08-07T21:00,20.1,19.6,0.00,0.00,95,0.00
2025-08-07T22:00,19.5,19.3,0.00,0.00,100,0.00
2025-08-07T23:00,18.9,18.9,0.00,0.00,100,0.00
2025-08-08T00:00,19.1,19.5,0.00,0.00,100,0.00
2025-08-08T01:00,18.6,18.2,0.00,0.00,98,0.00
2025-08-08T02:00,17.9,16.9,0.00,0.00,100,0.00
2025-08-08T03:00,17.1,16.1,0.00,0.00,100,0.00
2025-08-08T04:00,16.4,15.3,0.00,0.00,100,0.00
2025-08-08T05:00,15.8,14.8,0.00,0.00,82,0.00
2025-08-08T06:00,15.3,14.4,0.00,0.00,65,0.00
2025-08-08T07:00,15.5,14.8,0.00,0.00,100,3023.78
2025-08-08T08:00,16.1,15.4,0.00,0.00,100,3600.00
2025-08-08T09:00,17.2,16.5,0.00,0.00,100,3600.00
2025-08-08T10:00,18.5,17.8,0.00,0.00,100,3600.00
2025-08-08T11:00,20.0,19.3,0.00,0.00,100,3600.00
2025-08-08T12:00,21.5,20.7,0.00,0.00,100,3600.00
2025-08-08T13:00,22.2,21.9,0.00,0.00,100,3600.00
2025-08-08T14:00,23.0,22.7,0.00,0.00,37,3600.00
2025-08-08T15:00,23.9,23.7,0.00,0.00,23,3600.00
2025-08-08T16:00,24.6,24.0,0.00,0.00,10,3600.00
2025-08-08T17:00,25.0,23.7,0.00,0.00,21,3600.00
2025-08-08T18:00,25.1,24.0,0.00,0.00,57,3600.00
2025-08-08T19:00,24.5,23.2,0.00,0.00,6,3600.00
2025-08-08T20:00,24.1,22.9,0.00,0.00,38,3600.00
2025-08-08T21:00,22.9,22.5,0.00,0.00,35,0.00
2025-08-08T22:00,21.9,20.8,0.00,0.00,0,0.00
2025-08-08T23:00,20.4,19.6,0.00,0.00,0,0.00
2025-08-09T00:00,19.7,18.6,0.00,0.00,18,0.00
2025-08-09T01:00,18.6,17.5,0.00,0.00,98,0.00
2025-08-09T02:00,17.7,16.3,0.00,0.00,100,0.00
2025-08-09T03:00,16.8,15.5,0.00,0.00,100,0.00
2025-08-09T04:00,15.6,14.5,0.00,0.00,96,0.00
2025-08-09T05:00,15.2,14.1,0.00,0.00,92,0.00
2025-08-09T06:00,14.9,14.1,0.00,0.00,18,0.00
2025-08-09T07:00,14.9,14.0,0.00,0.00,63,2937.28
2025-08-09T08:00,15.6,14.6,0.00,0.00,64,3600.00
2025-08-09T09:00,16.9,15.9,0.00,0.00,51,3600.00
2025-08-09T10:00,18.2,16.9,0.00,0.00,96,3600.00
2025-08-09T11:00,19.3,17.6,0.00,0.00,87,3600.00
2025-08-09T12:00,20.7,19.1,0.00,0.00,82,3600.00
2025-08-09T13:00,22.0,20.5,0.00,0.00,8,3600.00
2025-08-09T14:00,23.1,22.0,0.00,0.00,38,3600.00
2025-08-09T15:00,23.9,22.4,0.00,0.00,6,3600.00
2025-08-09T16:00,24.8,23.1,0.00,0.00,45,3600.00
2025-08-09T17:00,25.1,22.4,0.00,0.00,43,3600.00
2025-08-09T18:00,24.8,22.1,0.00,0.00,11,3600.00
2025-08-09T19:00,24.4,21.7,0.00,0.00,5,3600.00
2025-08-09T20:00,23.4,21.2,0.00,0.00,6,3501.14
2025-08-09T21:00,22.3,20.6,0.00,0.00,0,0.00
2025-08-09T22:00,21.1,19.4,0.00,0.00,0,0.00
2025-08-09T23:00,19.9,18.6,0.00,0.00,0,0.00
2025-08-10T00:00,19.0,18.0,0.00,0.00,0,0.00
2025-08-10T01:00,18.2,17.3,0.00,0.00,0,0.00
2025-08-10T02:00,17.6,16.9,0.00,0.00,0,0.00
2025-08-10T03:00,17.0,16.6,0.00,0.00,0,0.00
2025-08-10T04:00,16.2,16.1,0.00,0.00,0,0.00
2025-08-10T05:00,15.8,16.0,0.00,0.00,0,0.00
2025-08-10T06:00,15.4,15.6,0.00,0.00,0,0.00
2025-08-10T07:00,15.6,16.1,0.00,0.00,15,2850.52
2025-08-10T08:00,16.6,17.0,0.00,0.00,0,3600.00
2025-08-10T09:00,18.0,18.7,0.00,0.00,0,3600.00
2025-08-10T10:00,19.8,20.4,0.00,0.00,0,3600.00
2025-08-10T11:00,21.3,22.3,0.00,0.00,8,3600.00
2025-08-10T12:00,22.4,22.3,0.00,0.00,65,3600.00
2025-08-10T13:00,23.8,24.7,0.00,0.00,2,3600.00
2025-08-10T14:00,24.6,25.6,0.00,0.00,3,3600.00
2025-08-10T15:00,25.3,26.4,0.00,0.00,38,3600.00
2025-08-10T16:00,25.8,25.8,0.00,0.00,46,3600.00
2025-08-10T17:00,25.9,25.0,0.00,0.00,46,3600.00
2025-08-10T18:00,26.1,25.5,0.00,0.00,51,3600.00
2025-08-10T19:00,24.9,23.7,0.00,0.00,0,3600.00
2025-08-10T20:00,23.8,22.9,0.00,0.00,0,3396.40
2025-08-10T21:00,23.0,22.0,0.00,0.00,0,0.00
2025-08-10T22:00,21.6,21.7,0.00,0.00,0,0.00
2025-08-10T23:00,20.8,21.0,0.00,0.00,0,0.00
2025-08-11T00:00,20.1,20.4,0.00,0.00,0,0.00
2025-08-11T01:00,19.1,19.7,0.00,0.00,0,0.00
2025-08-11T02:00,18.4,19.1,0.00,0.00,0,0.00
2025-08-11T03:00,17.7,18.4,0.00,0.00,0,0.00
2025-08-11T04:00,16.5,17.4,0.00,0.00,0,0.00
2025-08-11T05:00,15.9,16.8,0.00,0.00,29,0.00
2025-08-11T06:00,15.3,15.9,0.00,0.00,0,0.00
2025-08-11T07:00,15.1,15.4,0.00,0.00,0,2763.58
2025-08-11T08:00,17.3,17.8,0.00,0.00,100,3600.00
2025-08-11T09:00,19.3,20.1,0.00,0.00,50,3600.00
2025-08-11T10:00,21.5,21.9,0.00,0.00,0,3600.00
2025-08-11T11:00,23.4,24.4,0.00,0.00,0,3600.00
2025-08-11T12:00,25.2,26.3,0.00,0.00,1,3600.00
2025-08-11T13:00,26.7,27.2,0.00,0.00,0,3600.00
2025-08-11T14:00,27.4,27.7,0.00,0.00,29,3600.00
2025-08-11T15:00,28.0,27.8,0.00,0.00,39,3600.00
2025-08-11T16:00,28.7,27.7,0.00,0.00,0,3600.00
2025-08-11T17:00,28.1,26.8,0.00,0.00,100,3600.00
2025-08-11T18:00,26.7,25.2,0.00,0.00,100,3600.00
2025-08-11T19:00,25.0,23.6,0.00,0.00,100,3600.00
2025-08-11T20:00,23.2,21.7,0.00,0.00,100,0.00
2025-08-11T21:00,22.0,21.9,0.00,0.00,100,0.00
2025-08-11T22:00,21.9,21.1,0.00,0.00,100,0.00
2025-08-11T23:00,21.6,21.7,0.00,0.00,100,0.00
2025-08-12T00:00,21.1,21.9,0.20,0.00,100,0.00
2025-08-12T01:00,20.3,20.1,1.30,0.00,100,0.00
2025-08-12T02:00,20.4,21.6,0.00,0.00,100,0.00
2025-08-12T03:00,20.1,21.2,0.60,0.00,100,0.00
2025-08-12T04:00,19.1,19.8,0.00,0.00,96,0.00
2025-08-12T05:00,19.0,20.0,0.20,0.00,89,0.00
2025-08-12T06:00,19.2,20.8,0.00,0.00,60,0.00
2025-08-12T07:00,19.5,21.2,0.00,0.00,70,671.27
2025-08-12T08:00,20.2,21.9,0.00,0.00,66,3006.82
2025-08-12T09:00,21.6,23.2,0.00,0.00,67,3600.00
2025-08-12T10:00,24.2,24.9,0.00,0.00,41,3600.00
2025-08-12T11:00,25.8,26.7,0.00,0.00,90,3600.00
2025-08-12T12:00,27.0,26.9,0.00,0.00,85,3600.00
2025-08-12T13:00,29.4,29.1,0.00,0.00,88,3600.00
2025-08-12T14:00,30.2,30.5,0.00,0.00,0,3600.00
2025-08-12T15:00,30.6,30.8,0.00,0.00,0,3600.00
2025-08-12T16:00,30.6,28.9,0.00,0.00,0,3600.00
2025-08-12T17:00,30.2,27.0,0.00,0.00,0,3600.00
2025-08-12T18:00,29.6,26.6,0.00,0.00,0,3600.00
2025-08-12T19:00,28.2,25.3,0.00,0.00,0,3600.00
2025-08-12T20:00,26.3,24.5,0.00,0.00,0,3183.66
2025-08-12T21:00,24.3,23.4,0.00,0.00,0,0.00
2025-08-12T22:00,22.8,23.1,0.00,0.00,0,0.00
2025-08-12T23:00,22.1,22.8,0.00,0.00,0,0.00
2025-08-13T00:00,21.2,22.4,0.00,0.00,0,0.00
2025-08-13T01:00,20.3,21.4,0.00,0.00,0,0.00
2025-08-13T02:00,19.8,21.2,0.00,0.00,0,0.00
2025-08-13T03:00,19.1,20.7,0.00,0.00,0,0.00
2025-08-13T04:00,18.3,19.8,0.00,0.00,0,0.00
2025-08-13T05:00,17.9,19.4,0.00,0.00,0,0.00
2025-08-13T06:00,17.6,19.1,0.00,0.00,98,0.00
2025-08-13T07:00,17.3,19.0,0.00,0.00,81,1346.86
2025-08-13T08:00,17.8,19.5,0.00,0.00,100,3600.00
2025-08-13T09:00,20.1,21.6,0.00,0.00,100,3600.00
2025-08-13T10:00,22.3,23.2,0.00,0.00,65,3600.00
2025-08-13T11:00,23.6,24.3,0.00,0.00,100,3600.00
2025-08-13T12:00,24.5,25.4,0.00,0.00,100,3600.00
2025-08-13T13:00,25.9,27.1,0.00,0.00,100,3197.48
2025-08-13T14:00,26.4,27.0,0.00,0.00,100,0.00
2025-08-13T15:00,26.1,27.7,0.00,0.10,100,734.41
2025-08-13T16:00,24.6,26.3,0.00,0.00,100,3600.00
2025-08-13T17:00,25.3,26.3,0.80,0.00,100,0.00
2025-08-13T18:00,25.3,26.1,0.00,0.10,100,0.00
2025-08-13T19:00,23.7,24.6,0.00,0.00,100,0.00
2025-08-13T20:00,22.7,23.4,0.00,0.00,100,0.00
2025-08-13T21:00,21.7,22.4,0.00,0.00,98,0.00
2025-08-13T22:00,20.9,21.7,0.00,0.00,100,0.00
2025-08-13T23:00,20.1,21.1,0.00,0.00,86,0.00
2025-08-14T00:00,19.9,20.8,0.00,0.00,97,0.00
2025-08-14T01:00,19.5,20.1,0.00,0.00,91,0.00
2025-08-14T02:00,19.0,19.3,0.00,0.00,69,0.00
2025-08-14T03:00,18.4,18.4,0.00,0.00,54,0.00
2025-08-14T04:00,18.1,18.4,0.00,0.00,57,0.00
2025-08-14T05:00,17.7,18.1,0.00,0.00,67,0.00
2025-08-14T06:00,17.4,18.1,0.00,0.00,72,0.00
2025-08-14T07:00,17.4,18.1,0.00,0.00,72,0.00
2025-08-14T08:00,18.0,18.6,0.00,0.00,75,3048.30
2025-08-14T09:00,19.3,19.7,0.00,0.00,47,3600.00
2025-08-14T10:00,21.0,20.9,0.00,0.00,91,3600.00
2025-08-14T11:00,21.8,21.7,0.00,0.00,34,3600.00
2025-08-14T12:00,23.1,22.8,0.00,0.00,79,3600.00
2025-08-14T13:00,24.4,24.0,0.00,0.00,57,3600.00
2025-08-14T14:00,25.9,25.9,0.00,0.00,72,3600.00
2025-08-14T15:00,26.7,25.8,0.00,0.00,94,3600.00
2025-08-14T16:00,26.9,26.4,0.00,0.00,10,3600.00
2025-08-14T17:00,27.7,26.9,0.00,0.00,63,3600.00
2025-08-14T18:00,27.8,26.7,0.00,0.00,81,3600.00
2025-08-14T19:00,26.8,26.7,0.00,0.00,66,3600.00
2025-08-14T20:00,24.9,25.2,0.00,0.00,56,1131.17
2025-08-14T21:00,23.9,24.7,0.00,0.00,86,0.00
2025-08-14T22:00,23.5,24.5,0.00,0.00,45,0.00
2025-08-14T23:00,23.1,23.3,0.00,0.00,0,0.00
2025-08-15T00:00,22.2,23.0,0.00,0.00,0,0.00
2025-08-15T01:00,21.3,22.0,0.00,0.00,7,0.00
2025-08-15T02:00,20.5,21.3,0.00,0.00,3,0.00
2025-08-15T03:00,19.9,20.8,0.00,0.00,100,0.00
2025-08-15T04:00,19.0,19.8,0.00,0.00,85,0.00
2025-08-15T05:00,18.4,19.2,0.00,0.00,100,0.00
2025-08-15T06:00,18.0,18.9,0.00,0.00,0,0.00
2025-08-15T07:00,17.7,18.6,0.00,0.00,0,2415.34
2025-08-15T08:00,18.5,19.4,0.00,0.00,0,3600.00
2025-08-15T09:00,19.9,20.8,0.00,0.00,0,3600.00
2025-08-15T10:00,21.8,22.7,0.00,0.00,0,3600.00
2025-08-15T11:00,23.6,25.0,0.00,0.00,0,3600.00
2025-08-15T12:00,25.1,27.0,0.00,0.00,53,3600.00
2025-08-15T13:00,26.7,28.0,0.00,0.00,44,3600.00
2025-08-15T14:00,27.6,28.7,0.00,0.00,55,3600.00
2025-08-15T15:00,28.3,28.9,0.00,0.00,31,3600.00
2025-08-15T16:00,28.9,28.8,0.00,0.00,48,3600.00
2025-08-15T17:00,28.9,27.8,0.00,0.00,6,3600.00
2025-08-15T18:00,29.1,27.7,0.00,0.00,47,3600.00
2025-08-15T19:00,27.0,26.5,0.00,0.00,59,3600.00
2025-08-15T20:00,23.5,23.6,0.00,0.00,37,2857.17
2025-08-15T21:00,21.8,22.1,0.00,0.00,0,0.00
2025-08-15T22:00,20.8,21.4,0.00,0.00,11,0.00
2025-08-15T23:00,20.1,20.9,0.00,0.00,0,0.00
2025-08-16T00:00,19.3,20.2,0.00,0.00,3,0.00
2025-08-16T01:00,18.6,19.8,0.00,0.00,17,0.00
2025-08-16T02:00,17.7,18.6,0.00,0.00,22,0.00
2025-08-16T03:00,16.4,16.1,0.00,0.00,69,0.00
2025-08-16T04:00,16.1,15.8,0.00,0.00,100,0.00
2025-08-16T05:00,16.8,16.8,0.00,0.00,99,0.00
2025-08-16T06:00,17.0,17.0,0.00,0.00,89,0.00
2025-08-16T07:00,17.4,17.4,0.00,0.00,92,0.00
2025-08-16T08:00,17.6,17.4,0.00,0.00,100,0.00
2025-08-16T09:00,18.3,18.1,0.00,0.00,100,0.00
2025-08-16T10:00,18.0,17.4,0.00,0.00,100,0.00
2025-08-16T11:00,18.9,18.8,0.00,0.00,100,0.00
2025-08-16T12:00,20.1,19.6,0.00,0.00,100,0.00
2025-08-16T13:00,19.7,19.6,0.00,0.00,100,431.42
2025-08-16T14:00,20.7,20.1,0.00,0.00,100,2015.54
2025-08-16T15:00,21.1,20.6,0.00,0.00,73,1294.48
2025-08-16T16:00,20.3,19.7,0.00,0.00,83,3600.00
2025-08-16T17:00,20.9,20.6,0.00,0.00,87,1223.85
2025-08-16T18:00,22.0,20.9,0.00,0.00,33,3600.00
2025-08-16T19:00,20.3,19.1,0.00,0.00,52,3600.00
2025-08-16T20:00,19.0,18.2,0.00,0.00,0,2745.19
2025-08-16T21:00,17.7,16.7,0.00,0.00,0,0.00
2025-08-16T22:00,16.6,16.0,0.00,0.00,19,0.00
2025-08-16T23:00,15.9,14.9,0.00,0.00,0,0.00
2025-08-17T00:00,15.0,14.4,0.00,0.00,0,0.00
2025-08-17T01:00,14.3,13.4,0.00,0.00,0,0.00
2025-08-17T02:00,13.8,12.6,0.00,0.00,7,0.00
2025-08-17T03:00,13.3,11.9,0.00,0.00,30,0.00
2025-08-17T04:00,13.2,12.1,0.00,0.00,0,0.00
2025-08-17T05:00,12.9,11.9,0.00,0.00,0,0.00
2025-08-17T06:00,12.8,11.7,0.00,0.00,57,0.00
2025-08-17T07:00,13.3,12.1,0.00,0.00,40,1414.78
2025-08-17T08:00,14.4,13.3,0.00,0.00,0,3600.00
2025-08-17T09:00,16.2,15.1,0.00,0.00,12,3600.00
2025-08-17T10:00,18.1,16.7,0.00,0.00,43,3600.00
2025-08-17T11:00,19.3,18.3,0.00,0.00,55,3600.00
2025-08-17T12:00,20.3,19.9,0.00,0.00,39,3600.00
2025-08-17T13:00,22.3,22.4,0.00,0.00,34,3600.00
2025-08-17T14:00,23.2,23.5,0.00,0.00,0,3600.00
2025-08-17T15:00,23.8,24.1,0.00,0.00,0,3600.00
2025-08-17T16:00,24.4,24.1,0.00,0.00,5,3600.00
2025-08-17T17:00,23.1,22.5,0.00,0.00,11,3600.00
2025-08-17T18:00,22.9,22.4,0.00,0.00,14,3600.00
2025-08-17T19:00,21.4,20.8,0.00,0.00,26,3600.00
2025-08-17T20:00,19.9,19.6,0.00,0.00,35,2631.25
2025-08-17T21:00,19.2,19.3,0.00,0.00,73,0.00
2025-08-17T22:00,18.7,18.2,0.00,0.00,80,0.00
2025-08-17T23:00,18.0,17.4,0.00,0.00,100,0.00
2025-08-18T00:00,17.5,17.0,0.00,0.00,100,0.00
2025-08-18T01:00,17.4,17.0,0.00,0.00,100,0.00
2025-08-18T02:00,17.2,16.7,0.00,0.00,96,0.00
2025-08-18T03:00,16.6,15.9,0.00,0.00,96,0.00
2025-08-18T04:00,16.5,15.6,0.00,0.00,89,0.00
2025-08-18T05:00,16.0,15.1,0.00,0.00,83,0.00
2025-08-18T06:00,15.8,15.0,0.00,0.00,92,0.00
2025-08-18T07:00,15.8,15.1,0.00,0.00,79,0.00
2025-08-18T08:00,16.7,16.1,0.00,0.00,60,3600.00
2025-08-18T09:00,17.6,16.8,0.00,0.00,100,3600.00
2025-08-18T10:00,18.0,17.6,0.00,0.00,77,1543.49
2025-08-18T11:00,19.6,18.8,0.00,0.00,45,3600.00
2025-08-18T12:00,19.7,18.8,0.00,0.00,94,3600.00
2025-08-18T13:00,20.9,20.2,0.00,0.00,100,3600.00
2025-08-18T14:00,20.5,19.8,0.00,0.00,100,1943.88
2025-08-18T15:00,21.4,20.6,0.00,0.00,76,3600.00
2025-08-18T16:00,21.3,20.4,0.00,0.00,94,3600.00
2025-08-18T17:00,20.7,20.0,0.00,0.00,97,1747.88
2025-08-18T18:00,20.2,19.7,0.00,0.00,100,645.57
2025-08-18T19:00,20.2,19.5,0.00,0.00,93,0.00
2025-08-18T20:00,19.6,19.1,0.00,0.00,92,0.00
2025-08-18T21:00,19.2,18.8,0.00,0.00,100,0.00
2025-08-18T22:00,18.3,17.7,0.00,0.00,100,0.00
2025-08-18T23:00,17.7,17.3,0.00,0.00,90,0.00
2025-08-19T00:00,16.8,16.3,0.00,0.00,100,0.00
2025-08-19T01:00,16.2,15.5,0.00,0.00,97,0.00
2025-08-19T02:00,15.6,15.0,0.00,0.00,100,0.00
2025-08-19T03:00,15.2,14.7,0.00,0.00,100,0.00
2025-08-19T04:00,15.0,14.6,0.00,0.00,100,0.00
2025-08-19T05:00,14.7,14.5,0.00,0.00,100,0.00
2025-08-19T06:00,14.6,14.1,0.00,0.00,100,0.00
2025-08-19T07:00,15.4,14.9,0.00,0.00,100,0.00
2025-08-19T08:00,16.3,15.8,0.00,0.00,98,0.00
2025-08-19T09:00,17.6,17.1,0.00,0.00,100,250.63
2025-08-19T10:00,19.4,19.2,0.00,0.00,100,0.00
2025-08-19T11:00,21.0,21.0,0.00,0.00,95,3600.00
2025-08-19T12:00,22.1,21.8,0.00,0.00,93,3600.00
2025-08-19T13:00,23.1,22.5,0.00,0.00,99,3600.00
2025-08-19T14:00,23.8,23.3,0.00,0.00,100,3600.00
2025-08-19T15:00,24.3,23.4,0.00,0.00,85,3600.00
2025-08-19T16:00,24.1,23.2,0.00,0.00,100,3600.00
2025-08-19T17:00,23.8,23.0,0.00,0.00,99,2725.36
2025-08-19T18:00,23.0,22.4,0.00,0.00,100,2248.72
2025-08-19T19:00,21.6,21.0,0.00,0.00,78,3600.00
2025-08-19T20:00,20.9,19.8,0.00,0.00,89,1154.17
2025-08-19T21:00,19.4,18.3,0.00,0.00,97,0.00
2025-08-19T22:00,17.7,16.8,0.00,0.00,84,0.00
2025-08-19T23:00,16.4,15.1,0.00,0.00,85,0.00
2025-08-20T00:00,15.9,14.6,0.00,0.00,98,0.00
2025-08-20T01:00,15.5,14.7,0.00,0.00,100,0.00
2025-08-20T02:00,15.3,14.5,0.00,0.00,97,0.00
2025-08-20T03:00,15.2,14.2,0.00,0.00,97,0.00
2025-08-20T04:00,15.1,14.1,0.00,0.00,100,0.00
2025-08-20T05:00,14.9,13.8,0.00,0.00,99,0.00
2025-08-20T06:00,14.8,13.9,0.00,0.00,100,0.00
2025-08-20T07:00,15.3,14.1,0.00,0.00,100,0.00
2025-08-20T08:00,15.8,14.3,0.00,0.00,100,0.00
2025-08-20T09:00,16.5,14.3,0.00,0.00,100,0.00
2025-08-20T10:00,17.0,14.8,0.00,0.00,100,1189.82
2025-08-20T11:00,17.3,15.0,0.00,0.00,100,2321.04
2025-08-20T12:00,17.9,15.4,0.00,0.00,99,1311.34
2025-08-20T13:00,17.9,15.4,0.00,0.00,98,3600.00
2025-08-20T14:00,18.8,16.4,0.00,0.00,100,3600.00
2025-08-20T15:00,19.1,16.2,0.00,0.00,100,3600.00
2025-08-20T16:00,20.1,17.3,0.00,0.00,61,3600.00
2025-08-20T17:00,19.9,16.9,0.00,0.00,73,3600.00
2025-08-20T18:00,19.5,16.8,0.00,0.00,100,3600.00
2025-08-20T19:00,18.9,16.1,0.00,0.00,100,3600.00
2025-08-20T20:00,17.7,15.2,0.00,0.00,100,175.72
2025-08-20T21:00,16.8,14.5,0.00,0.00,67,0.00
2025-08-20T22:00,16.2,14.2,0.00,0.00,67,0.00
2025-08-20T23:00,15.5,13.3,0.00,0.00,73,0.00
2025-08-21T00:00,15.0,12.8,0.00,0.00,79,0.00
2025-08-21T01:00,14.7,12.9,0.00,0.00,86,0.00
2025-08-21T02:00,14.5,12.6,0.00,0.00,73,0.00
2025-08-21T03:00,14.2,12.4,0.00,0.00,91,0.00
2025-08-21T04:00,14.3,12.4,0.00,0.00,95,0.00
2025-08-21T05:00,14.1,12.3,0.00,0.00,86,0.00
2025-08-21T06:00,14.0,12.1,0.00,0.00,83,0.00
2025-08-21T07:00,14.2,12.5,0.00,0.00,92,0.00
2025-08-21T08:00,14.8,13.1,0.00,0.00,71,1907.37
2025-08-21T09:00,15.6,13.9,0.00,0.00,95,2956.26
2025-08-21T10:00,16.6,14.8,0.00,0.00,100,1551.92
2025-08-21T11:00,17.5,15.6,0.00,0.00,83,3376.26
2025-08-21T12:00,17.9,15.4,0.00,0.00,100,1785.06
2025-08-21T13:00,19.5,17.4,0.00,0.00,79,3600.00
2025-08-21T14:00,19.3,16.6,0.00,0.00,100,3529.87
2025-08-21T15:00,20.3,17.7,0.00,0.00,55,3600.00
2025-08-21T16:00,19.8,17.5,0.00,0.00,100,3600.00
2025-08-21T17:00,19.8,17.2,0.00,0.00,100,2689.37
2025-08-21T18:00,18.8,16.2,0.00,0.00,90,244.41
2025-08-21T19:00,18.3,15.5,0.00,0.00,68,3600.00
2025-08-21T20:00,17.4,14.7,0.00,0.00,91,567.19
2025-08-21T21:00,16.5,14.1,0.00,0.00,75,0.00
2025-08-21T22:00,15.5,13.5,0.00,0.00,4,0.00
2025-08-21T23:00,14.7,12.9,0.00,0.00,0,0.00
2025-08-22T00:00,14.0,12.3,0.00,0.00,5,0.00
2025-08-22T01:00,13.0,11.4,0.00,0.00,0,0.00
2025-08-22T02:00,12.6,11.2,0.00,0.00,10,0.00
2025-08-22T03:00,12.4,11.4,0.00,0.00,0,0.00
2025-08-22T04:00,12.0,11.0,0.00,0.00,0,0.00
2025-08-22T05:00,11.7,10.7,0.00,0.00,0,0.00
2025-08-22T06:00,11.3,10.4,0.00,0.00,0,0.00
2025-08-22T07:00,11.5,10.8,0.00,0.00,1,1793.27
2025-08-22T08:00,12.8,12.0,0.00,0.00,0,3600.00
2025-08-22T09:00,14.5,13.2,0.00,0.00,5,3600.00
2025-08-22T10:00,16.1,14.5,0.00,0.00,32,3600.00
2025-08-22T11:00,17.6,15.8,0.00,0.00,90,3600.00
2025-08-22T12:00,18.6,16.9,0.00,0.00,72,3600.00
2025-08-22T13:00,19.0,17.2,0.00,0.00,81,3600.00
2025-08-22T14:00,19.7,17.8,0.00,0.00,92,3600.00
2025-08-22T15:00,19.6,17.6,0.00,0.00,100,3600.00
2025-08-22T16:00,20.8,18.8,0.10,0.00,67,3600.00
2025-08-22T17:00,21.5,19.4,0.00,0.00,65,3600.00
2025-08-22T18:00,21.5,20.0,0.00,0.00,68,3600.00
2025-08-22T19:00,21.8,20.0,0.00,0.00,89,3600.00
2025-08-22T20:00,21.4,19.8,0.00,0.00,93,172.61
2025-08-22T21:00,21.1,19.7,0.00,0.00,100,0.00
2025-08-22T22:00,20.1,18.9,0.00,0.00,94,0.00
2025-08-22T23:00,19.3,18.4,0.00,0.00,100,0.00
2025-08-23T00:00,18.7,17.3,0.00,0.00,100,0.00
2025-08-23T01:00,18.5,17.4,0.00,0.00,100,0.00
2025-08-23T02:00,18.1,17.0,0.00,0.00,97,0.00
2025-08-23T03:00,17.7,16.8,0.00,0.00,97,0.00
2025-08-23T04:00,17.0,16.2,0.00,0.00,88,0.00
2025-08-23T05:00,16.6,15.8,0.00,0.00,100,0.00
2025-08-23T06:00,16.1,15.4,0.00,0.00,100,0.00
2025-08-23T07:00,15.6,14.8,0.00,0.00,96,0.00
2025-08-23T08:00,15.7,14.9,0.00,0.00,100,907.56
2025-08-23T09:00,16.1,15.4,0.00,0.00,97,426.36
2025-08-23T10:00,17.5,17.0,0.00,0.00,91,3600.00
2025-08-23T11:00,18.8,18.3,0.00,0.00,91,3600.00
2025-08-23T12:00,20.1,19.8,0.00,0.00,96,3600.00
2025-08-23T13:00,20.7,19.5,0.00,0.00,92,3600.00
2025-08-23T14:00,21.1,20.1,0.00,0.00,90,3600.00
2025-08-23T15:00,21.8,21.0,0.00,0.00,95,2680.01
2025-08-23T16:00,20.1,18.6,0.00,0.00,100,890.74
2025-08-23T17:00,19.5,17.9,0.00,0.00,97,0.00
2025-08-23T18:00,19.5,17.8,0.00,0.00,82,3600.00
2025-08-23T19:00,18.9,17.1,0.00,0.00,80,2791.43
2025-08-23T20:00,18.3,16.6,0.00,0.00,75,83.85
2025-08-23T21:00,17.6,16.4,0.00,0.00,56,0.00
2025-08-23T22:00,17.6,16.5,0.00,0.00,58,0.00
2025-08-23T23:00,16.6,15.7,0.00,0.00,42,0.00
2025-08-24T00:00,16.2,15.6,0.00,0.00,71,0.00
2025-08-24T01:00,15.8,15.1,0.00,0.00,53,0.00
2025-08-24T02:00,15.3,14.6,0.00,0.00,20,0.00
2025-08-24T03:00,15.0,14.3,0.00,0.00,8,0.00
2025-08-24T04:00,14.5,13.6,0.00,0.00,30,0.00
2025-08-24T05:00,14.1,13.5,0.00,0.00,8,0.00
2025-08-24T06:00,13.8,13.3,0.00,0.00,34,0.00
2025-08-24T07:00,13.6,13.2,0.00,0.00,45,930.90
2025-08-24T08:00,14.7,14.2,0.00,0.00,51,3600.00
2025-08-24T09:00,16.3,15.5,0.00,0.00,3,3600.00
2025-08-24T10:00,18.2,17.4,0.00,0.00,31,3600.00
2025-08-24T11:00,20.1,19.3,0.00,0.00,75,3600.00
2025-08-24T12:00,21.4,21.3,0.00,0.00,45,3600.00
2025-08-24T13:00,22.8,22.6,0.00,0.00,97,3600.00
2025-08-24T14:00,23.3,22.2,0.00,0.00,95,3600.00
2025-08-24T15:00,23.9,22.2,0.00,0.00,100,3600.00
2025-08-24T16:00,23.3,21.8,0.00,0.00,86,0.00
2025-08-24T17:00,23.1,21.2,0.00,0.00,100,2724.41
2025-08-24T18:00,23.3,21.9,0.00,0.00,100,576.72
2025-08-24T19:00,22.8,21.5,0.00,0.00,99,305.07
2025-08-24T20:00,21.5,19.9,0.00,0.00,38,0.00
2025-08-24T21:00,20.3,19.0,0.00,0.00,65,0.00
2025-08-24T22:00,19.4,18.6,0.00,0.00,67,0.00
2025-08-24T23:00,18.5,18.0,0.00,0.00,80,0.00
2025-08-25T00:00,17.7,17.2,0.00,0.00,65,0.00
2025-08-25T01:00,16.9,16.4,0.00,0.00,58,0.00
2025-08-25T02:00,16.3,15.8,0.00,0.00,13,0.00
2025-08-25T03:00,15.7,15.4,0.00,0.00,34,0.00
2025-08-25T04:00,15.1,15.1,0.00,0.00,17,0.00
2025-08-25T05:00,14.8,14.9,0.00,0.00,31,0.00
2025-08-25T06:00,14.6,14.6,0.00,0.00,0,0.00
2025-08-25T07:00,14.4,14.6,0.00,0.00,0,1027.72
2025-08-25T08:00,15.6,15.6,0.00,0.00,6,3600.00
2025-08-25T09:00,17.5,17.2,0.00,0.00,0,3600.00
2025-08-25T10:00,19.8,18.7,0.00,0.00,0,3600.00
2025-08-25T11:00,21.8,20.3,0.00,0.00,0,3600.00
2025-08-25T12:00,23.1,21.8,0.00,0.00,0,3600.00
2025-08-25T13:00,24.6,23.5,0.00,0.00,0,3600.00
2025-08-25T14:00,25.3,23.9,0.00,0.00,0,3600.00
2025-08-25T15:00,25.7,24.2,0.00,0.00,0,3600.00
2025-08-25T16:00,26.3,24.0,0.00,0.00,79,3600.00
2025-08-25T17:00,26.1,23.3,0.00,0.00,0,3600.00
2025-08-25T18:00,25.6,22.8,0.00,0.00,0,3600.00
2025-08-25T19:00,24.8,21.9,0.00,0.00,0,3600.00
2025-08-25T20:00,23.5,20.8,0.00,0.00,0,1664.38
2025-08-25T21:00,22.1,20.1,0.00,0.00,0,0.00
2025-08-25T22:00,20.3,19.1,0.00,0.00,81,0.00
2025-08-25T23:00,19.2,18.7,0.00,0.00,0,0.00
2025-08-26T00:00,18.5,17.9,0.00,0.00,0,0.00
2025-08-26T01:00,18.0,17.3,0.00,0.00,94,0.00
2025-08-26T02:00,17.7,17.1,0.00,0.00,6,0.00
2025-08-26T03:00,17.6,17.0,0.00,0.00,100,0.00
2025-08-26T04:00,17.2,16.8,0.00,0.00,91,0.00
2025-08-26T05:00,17.5,17.8,0.00,0.00,100,0.00
2025-08-26T06:00,17.7,17.9,0.00,0.00,100,0.00
2025-08-26T07:00,17.4,17.9,0.00,0.00,96,0.00
2025-08-26T08:00,18.6,18.6,0.00,0.00,86,2269.46
2025-08-26T09:00,19.6,19.1,0.00,0.00,66,3600.00
2025-08-26T10:00,20.3,19.8,0.00,0.00,91,3600.00
2025-08-26T11:00,22.6,22.1,0.00,0.00,90,3600.00
2025-08-26T12:00,22.8,22.2,0.00,0.00,100,82.32
2025-08-26T13:00,20.4,20.2,0.00,0.00,100,0.00
2025-08-26T14:00,21.9,21.2,0.00,0.00,39,3600.00
2025-08-26T15:00,23.5,22.1,0.00,0.00,100,3600.00
2025-08-26T16:00,24.3,22.8,0.00,0.00,100,3600.00
2025-08-26T17:00,24.7,23.1,0.00,0.00,100,3600.00
2025-08-26T18:00,24.3,22.4,0.00,0.00,100,341.65
2025-08-26T19:00,22.3,20.9,0.00,0.00,100,101.73
2025-08-26T20:00,21.3,20.1,0.00,0.00,100,0.00
2025-08-26T21:00,20.3,19.3,0.00,0.00,100,0.00
2025-08-26T22:00,19.4,18.5,0.00,0.00,100,0.00
2025-08-26T23:00,18.7,17.7,0.00,0.00,100,0.00